FirstName,LastName,Gender,MaritalStatus,Ethnicity,Employer,Address,City,State,Zip,Office,Region,Phone1,Phone2,Email,DOB,SSN,HireDate,GrossMonthlyIncome,IncomeFromOtherSources,CreditScore,CoBorrowerFirstName,CoBorrowerLastName,CoDOB,COSSN,CoCurrentEmployer,CoLengthOfEmployment,CoGrossMonthlyIncome,LoanDate,LoanType,LoanAmount,DownPayment,CurrentBalance,MultipleProperties,CurrentPropertyTaxes,CurrentHomeOwnerInsurance,CoCreditScore,Channel,LoanStatus,LoanOfficer,RealtorsName,ReltorCompany,RealtorLocation,RealtorState,LoanID
Valentine,Gillian,Female,Married,Caucasian,Fbs Business Finance,775 W 17th St,San Antonio,TX,78204,Dallas,Texas,210-812-9597,210-300-6244,valentine_gillian@gmail.com,11/21/2000,183-91-9597,11/21/2021,5261,3613,607,Peyton,Vasquez,1/24/1998,660-20-6244,Kansas City Insurance Report,4,4647.25,9/15/2021,New Home,315660,47349,0,N,505.61,477.87,661,Email/Fax,Rejected,Jose Lugo,Jack Bumgardner,ERA Sellers & Buyers Real Estate,Dallas,TX,EF51
Erick,Nievas,Male,Married,Latino,Soward  Anne Esq,45 E Acacia Ct,Houston,TX,60624,Houston,Texas,773-704-9903,773-359-6109,erick_nievas@aol.com,10/5/1982,933-53-9903,10/5/2021,7339,2388,663,Nathan,Chan,3/2/1979,582-72-6109,Woodbridge Free Public Library,23,7606.33,3/22/2018,New Home,440340,44034,0,N,705.31,666.63,719,Email/Fax,Pending,Eugene Kogan,Candace Mulhollan,RE/MAX One - Orange County,Houston,TX,EF77
Ronny,Caiafa,Male,Single,Latino,Remaco Inc,73 Southern Blvd,Philadelphia,NC,19103,Atlanta,North Carolina,215-605-7570,215-511-3531,ronny.caiafa@caiafa.org,1/21/1977,361-03-7570,1/21/1998,6025,3340,768,Sofia,Trinh,12/18/1985,168-41-3531,Peace Christian Center,16,5694.75,2/5/2021,Home Equity,361500,50610,180750,N,579.03,547.27,683,Email/Fax,Rejected,Julia Jones,Christa Huffstickler,Engel & Völkers Atlanta,Atlanta,GA,EF2
Edna,Miceli,Female,Married,Latino,Sampler,555 Main St,Erie,NC,16502,Atlanta,North Carolina,814-460-2655,814-299-2877,emiceli@miceli.org,2/26/1981,489-59-2655,2/26/2002,6318,5997,714,Hudson,Williams,3/19/1997,456-48-2877,Stephen Kennerly Archts Inc Pc,5,16266.67,10/22/2018,Home Equity,379080,45490,189540,N,607.19,573.89,732,Email/Fax,Approved,Don King,Cindy West,RE/MAX Town & Country,Atlanta,GA,EF3
Stephen,Cartan,Male,Single,Black,Box  J Calvin Esq,9390 S Howell Ave,Bellaire,NC,31701,Atlanta,North Carolina,229-735-3378,229-365-9658,scarlet.cartan@yahoo.com,5/16/1964,793-67-3378,5/16/2020,3445,4856,709,John,Jung,3/12/1997,771-90-9658,Freehold Fence Co,5,6100,3/23/2017,Reverse,206700,41340,0,N,331.08,312.92,588,Email/Fax,Pending,Don King,Carlos Giraldo,Keller Williams Realty,Atlanta,GA,EF4
Justine,Mugnolo,Female,Divorced,Asian,Evans Rule Company,38062 E Main St,New York,NY,10048,New York,New York,212-304-9225,212-311-6377,jmugnolo@yahoo.com,7/28/1981,620-11-9225,7/28/2021,3904,4562,763,Hadley,Dang,12/26/2000,976-96-6377,Johnson  Wes Esq,1,20297.33,7/18/2020,New Home,234240,46848,0,N,375.19,354.61,739,Email/Fax,Approved,Kim Abercrombie,Stacey Camilleri,Keller Williams Realty,New York,NY,EF88
Laurel,Pagliuca,Female,Married,Latino,Printing Images Corp,36 Enterprise St Se,Richland,NC,99352,Atlanta,North Carolina,509-695-5199,509-595-6485,laurel@yahoo.com,1/23/1955,275-86-5199,1/23/2019,13253,5078,733,Claire,Romero,7/21/1990,804-21-6485,Morlong Associates,11,18289.5,5/29/2021,Reverse,795180,47711,0,N,1273.68,1203.81,733,Email/Fax,Approved,Felix Odhiambo,Josh Pope,CENTURY 21 Smith Branch & Pope,Atlanta,GA,EF6
Portia,Stimmel,Male,Single,Black,Peace Christian Center,3732 Sherman Ave,Bridgewater,NY,8807,New York,New York,908-722-7128,908-670-4712,portia.stimmel@aol.com,8/27/1979,260-12-7128,8/27/2021,4076,2947,613,Stella,Wu,2/20/1993,758-11-4712,Morgan Custom Homes,9,12992.08,11/8/2022,New Home,244560,48912,0,N,391.72,370.24,735,Email/Fax,Approved,Bruce Mutiso,Annette Mina,Douglas Elliman,New York,NY,EF90
Loren,Asar,Female,Single,Latino,Olsen Payne & Company,6 Ridgewood Center Dr,Old Forge,NC,18518,Atlanta,North Carolina,570-648-3035,570-569-2356,loren.asar@aol.com,10/21/1965,624-55-3035,10/21/2016,4401,5398,618,Audrey,Patel,4/24/1990,346-85-2356,Vicon Corporation,12,10931.92,10/10/2020,Reverse,264060,52812,158436,Y,422.96,399.76,681,Email/Fax,Approved,Don King,Shanna Bradley,Ansley Atlanta Real Estate,Atlanta,GA,EF8
Joni,Paskin,Male,Married,Caucasian,Morgan Custom Homes,20113 4th Ave E,Kearny,NY,7032,New York,New York,201-431-2989,201-478-8540,lili.paskin@cox.net,7/3/2000,738-30-2989,7/3/2021,6895,4088,615,Audrey,Lee,2/11/1996,216-18-8540,Serendiquity Bed & Breakfast,6,7253,8/13/2019,New Home,413700,49644,0,N,662.64,626.3,792,Email/Fax,Rejected,Sidney Higa,Karen Cammarata,Howard Hanna Real S. Tier,New York,NY,EF94
Minna,Amigon,Female,Married,Caucasian,Dorl  James J Esq,2371 Jerrold Ave,Kulpsville,NC,19443,Atlanta,North Carolina,215-874-1229,215-422-8694,minna_amigon@yahoo.com,9/4/1988,603-55-1229,9/4/2009,7475,5278,605,Jack,Mai,9/22/1986,818-75-8694,Mitsumi Electronics Corp,15,7691.08,9/2/2019,New Home,448500,44850,269100,N,718.38,678.98,789,Email/Fax,Approved,Don King,Caleb Willing,Better Homes and Gardens Real Estate Executive Partners,Atlanta,GA,EF10
Ettie,Hoopengardner,Male,Divorced,Latino,Jackson Millwork Co,39 Franklin Ave,Richland,NC,99352,Atlanta,North Carolina,509-755-5393,509-847-3352,ettie.hoopengardner@hotmail.com,1/14/1983,611-16-5393,1/14/2004,10424,2792,667,Andrew,Coleman,5/15/1998,139-92-3352,Mark Iv Press Ltd,4,14534.58,6/2/2022,New Home,625440,37526,375264,N,1001.8,946.85,606,Email/Fax,Approved,Don King,Brenda Conley,Keller Williams Realty Atlanta Partners,Atlanta,GA,EF11
Twana,Felger,Female,Married,Asian,Opryland Hotel,1 Commerce Way,Portland,NC,97224,Atlanta,North Carolina,503-939-3153,503-909-7167,twana.felger@felger.org,7/24/1989,935-80-3153,7/24/2010,10576,2463,654,Caroline,Santos,7/12/1999,966-81-7167,Spoor Behrins Campbell & Young,2,4713.75,4/6/2021,New Home,634560,38074,380736,N,1016.4,960.65,806,Email/Fax,Approved,Julia Jones,Adina Elfaituri,RE/MAX Town & Country,Atlanta,GA,EF12
Roselle,Estell,Female,Single,Asian,Mcglynn Bliss Pc,8116 Mount Vernon Ave,Bucyrus,TX,44820,Austin,Texas,419-571-5920,419-488-6648,roselle.estell@hotmail.com,9/3/1977,194-11-5920,9/3/1998,7192,4585,686,Ryan,Ha,1/27/1986,690-37-6648,Dentalaw Divsn Hlth Care,16,19525.92,12/15/2017,Home Equity,431520,43152,215760,N,691.18,653.27,608,Email/Fax,Approved,Levart Burt,Ben Caballero,HomesUSA.com,Austin,TX,EF13
Lashawnda,Stuer,Female,Married,Black,Rodriguez  J Christopher Esq,7422 Martin Ave #8,Toledo,TX,43607,Austin,Texas,419-588-8719,419-399-1744,lstuer@cox.net,10/20/1966,724-86-8719,10/20/2020,5646,2371,722,John,Cho,11/3/1998,524-89-1744,Wheaton Plastic Products,3,16282.08,4/29/2022,Reverse,338760,47426,0,N,542.61,512.85,718,Email/Fax,Rejected,Levart Burt,Kelly Kelley,RE/MAX Leading Edge,Austin,TX,EF14
Vallie,Mondella,Female,Single,Asian,Private Properties,74 W College St,Boise,NY,83707,New York,New York,208-862-5339,208-737-8439,vmondella@mondella.com,7/2/1978,369-86-5339,7/2/2021,10469,3209,728,Grayson,Luu,4/30/1990,692-30-8439,Ingalls  Donald R Esq,12,7451.58,9/21/2017,New Home,628140,37688,0,N,1006.12,950.93,596,Email/Fax,Approved,Bruce Mutiso,Michael Liess,Coldwell Banker Custom Realty,New York,NY,EF97
Adrian,Nabours,Male,Single,Caucasian,Courtyard By Marriott,80 Pittsford Victor Rd #9,Cleveland,TX,44103,Austin,Texas,216-230-4892,216-937-5320,adelina_nabours@gmail.com,4/5/1986,892-65-4892,4/5/2007,4359,5372,765,Lincoln,Henderson,6/27/2000,442-94-5320,White Sign Div Ctrl Equip Co,1,4042.5,4/19/2018,New Home,261540,52308,156924,Y,418.92,395.94,625,Email/Fax,Pending,Levart Burt,Angelo Puma,Keller Williams Realty,Austin,TX,EF16
Buddy,Cloney,Male,Married,Latino,Larkfield Photo,944 Gaither Dr,Strongsville,TX,44136,Austin,Texas,440-989-5826,440-327-2093,buddy.cloney@yahoo.com,11/12/1992,949-45-5826,11/12/2013,7408,4645,664,Nora,Le,4/12/1976,177-54-2093,Rossi  Michael M,26,12865.67,3/16/2022,New Home,444480,44448,266688,N,711.94,672.89,782,Email/Fax,Rejected,Levart Burt,D'Ann Fleming,RE/MAX 5 Star Realty,Austin,TX,EF17
Barack,Semidey,Male,Married,Caucasian,Can Tron,369 Latham St #500,Saint Louis,TX,63102,Austin,Texas,314-732-9131,314-697-3652,kasandra_semidey@semidey.com,1/24/1987,430-92-9131,1/24/2008,7635,4054,728,Silas,Huang,1/9/1971,142-75-3652,Bonnet & Daughter,31,9274.92,8/26/2021,New Home,458100,45810,274860,N,733.76,693.51,603,Email/Fax,Rejected,Levart Burt,Danny Charbel,Keller Williams Realty,Austin,TX,EF18
Dave,Devreese,Male,Single,Caucasian,Acme Supply Co,1953 Telegraph Rd,Saint Joseph,TX,64504,Austin,Texas,816-557-9673,816-329-5565,diane@cox.net,8/11/1982,424-07-9673,8/11/2003,7751,3589,798,Leilani,Thao,5/30/1986,469-63-5565,Judah Caster & Wheel Co,15,16546.83,8/18/2022,New Home,465060,37205,279036,N,744.91,704.05,721,Email/Fax,Rejected,Levart Burt,Harrison Preston Polsky,Compass,Austin,TX,EF19
Stephen,Emigh,Male,Married,Caucasian,Sharp  J Daniel Esq,3777 E Richmond St #900,West University Place,TX,44302,Austin,Texas,330-537-5358,330-700-2312,stephen_emigh@hotmail.com,7/1/1999,403-94-5358,7/1/2020,9979,6117,634,Brooklyn,Collins,10/27/1997,156-22-2312,Mark Ii Imports Inc,4,11600.67,3/19/2022,New Home,598740,35924,0,N,959.03,906.43,695,Email/Fax,Pending,Levart Burt,Anastasia Riley,Coldwell Banker Realty,Austin,TX,EF15
Teddy,Pedrozo,Male,Single,Latino,Barkan  Neal J Esq,46314 Route 130,Boston,MA,6610,Boston,Massachusetts,203-892-3863,203-918-3939,teddy_pedrozo@aol.com,1/2/1967,183-29-3863,1/2/2019,6224,5977,602,Willow,Chen,9/3/1991,504-55-3939,Helderman  Seymour Cpa,10,8502.75,10/27/2022,Reverse,373440,52282,112032,Y,598.16,565.35,669,Email/Fax,Rejected,Jossef Goldberg,Kyle Seyboth,CENTURY 21 The Seyboth Team,Boston,MA,EF21
Izetta,Dewar,Male,Single,Asian,Lisatoni  Jean Esq,2 W Scyene Rd #3,Haverhill,MA,21217,Boston,Massachusetts,410-473-1708,410-522-7621,idewar@dewar.com,12/16/1977,255-55-1708,12/16/2019,8332,3921,745,Andrew,Ma,9/24/1996,360-84-7621,Green Goddess,5,5979.58,7/18/2022,New Home,499920,74988,0,N,800.74,756.82,633,Email/Fax,Approved,Jossef Goldberg,Eileen Doherty,Lamacchia Realty,Boston,MA,EF29
Merilyn,Bayless,Female,Married,Caucasian,20 20 Printing Inc,195 13n N,Houston,TX,95054,Dallas,Texas,408-758-5015,408-346-2180,merilyn_bayless@cox.net,2/5/1999,265-29-5015,2/5/2020,8053,5190,653,Charlotte,Chang,5/7/1979,884-40-2180,Sider  Donald C Esq,23,8869,12/9/2022,New Home,483180,38654,0,N,773.93,731.48,691,Email/Fax,Rejected,Jose Lugo,Zintiha G. Loya,Keller Williams Realty,Dallas,TX,EF53
Hermila,Thyberg,Female,Single,Caucasian,Chilton Malting Co,1 Rancho Del Mar Shopping C,Draycut,MA,2903,Boston,Massachusetts,401-893-4882,401-885-7681,hermila_thyberg@hotmail.com,4/15/1980,918-08-4882,4/15/2001,6743,2767,755,Joshua,Yang,11/10/1997,475-07-7681,Colony Paints Sales Ofc & Plnt,4,5162,5/1/2021,Home Equity,404580,48550,202290,N,648.03,612.49,728,Email/Fax,Pending,Jossef Goldberg,Don Mailloux,Coldwell Banker Community Realtors,Boston,MA,EF24
Loreta,Timenez,Female,Single,Latino,Kaminski  Katherine Andritsaki,47857 Coney Island Ave,Clinton,MA,20735,Boston,Massachusetts,301-696-6420,301-392-6698,loreta.timenez@hotmail.com,10/23/1976,210-09-6420,10/23/1997,7647,3930,781,James,Singh,3/12/1987,657-13-6698,Juno Chefs Incorporated,15,15511.5,4/27/2018,Home Equity,458820,36706,229410,N,734.91,694.6,709,Email/Fax,Rejected,Jossef Goldberg,Thomas Dixon,Keller Williams Realty,Boston,MA,EF25
Lenna,Paprocki,Female,Single,Caucasian,Feltz Printing Service,639 Main St,Aldine,MA,99501,Boston,Massachusetts,907-385-4412,907-921-2010,lpaprocki@hotmail.com,3/14/1978,231-66-4412,3/14/1999,8757,3973,610,Joshua,Juarez,5/5/1994,316-33-2010,Beutelschies & Company,8,5363.67,4/12/2017,Home Equity,525420,78813,262710,Y,841.59,795.43,634,Email/Fax,Approved,Jossef Goldberg,Nancy Roth,Gibson Sotheby's International Realty,Boston,MA,EF26
Reita,Leto,Male,Married,Black,Creative Business Systems,55262 N French Rd,Indianapolis,MA,46240,Boston,Massachusetts,317-234-1135,317-787-5514,reita.leto@gmail.com,12/26/1954,847-63-1135,12/26/2021,6260,3999,601,Logan,Mitchell,8/20/1984,320-06-5514,Wells Kravitz Schnitzer,17,4986.08,6/13/2019,Reverse,375600,45072,0,N,601.62,568.62,605,Email/Fax,Rejected,Jossef Goldberg,Mathew Arruda,Berkshire Hathaway HomeServices Robert Paul Properties,Boston,MA,EF27
Barbra,Adkin,Female,Single,Asian,Binswanger,4 Kohler Memorial Dr,Brooklyn,NY,11230,New York,New York,718-201-3751,718-732-9475,badkin@hotmail.com,1/5/1999,740-14-3751,1/5/2020,6570,5234,643,Raelynn,Ma,10/8/1994,817-10-9475,Dorl  James J Esq,7,7906.33,11/28/2017,New Home,394200,47304,0,N,631.41,596.78,669,Email/Fax,Approved,Kim Abercrombie,Pollena Forsman,Houlihan Lawrence,New York,NY,EF92
Jose,Stockham,Male,Married,Black,Tri State Refueler Co,128 Bransten Rd,New York,NY,10011,New York,New York,212-675-8570,212-569-4233,jose@yahoo.com,10/9/1979,226-09-8570,10/9/2020,7654,5281,603,Kayden,Jordan,9/14/1989,426-15-4233,Sublett  Scott Esq,12,8277.92,6/23/2020,New Home,459240,36739,0,N,735.59,695.24,708,Email/Fax,Approved,Sidney Higa,Deborah Rieders,Corcoran,New York,NY,EF95
Lawrence,Reitler,Male,Single,Asian,Q A Service,6 Kains Ave,Haverhill,MA,21215,Boston,Massachusetts,410-520-4832,410-957-6903,laurel_reitler@reitler.com,9/29/1963,843-33-4832,9/29/2016,4925,4021,768,Melody,Chin,10/15/1985,318-47-6903,Publishers Group West,16,12791,7/6/2017,Reverse,295500,44325,177300,Y,473.32,447.35,741,Email/Fax,Approved,Jossef Goldberg,Diane B. Sullivan,Coldwell Banker Realty,Boston,MA,EF30
Regenia,Kannady,Female,Married,Caucasian,Ken Jeter Store Equipment Inc,10759 Main St,Scottsdale,NC,85260,Raleigh,North Carolina,480-726-1280,480-205-5121,regenia.kannady@cox.net,12/25/1998,568-62-1280,12/25/2019,4569,2756,689,Ryan,Lu,7/8/2000,692-28-5121,Carriage House Cllsn Rpr Inc,1,5606.25,12/29/2021,New Home,274140,41121,0,N,439.1,415.02,723,Email/Fax,Approved,Adan Duale,Rebekah Ramey,RE/MAX Elite Realty,Raleigh,NC,EF141
Katina,Polidori,Female,Married,Latino,Cape & Associates Real Estate,5 Little River Tpke,Wilmington,MA,1887,Boston,Massachusetts,978-626-2978,978-679-7429,katina_polidori@aol.com,7/20/1983,479-30-2978,7/20/2004,5475,3134,737,Audrey,Richardson,10/6/1997,129-32-7429,Jackson Shields Yeiser,4,13854.92,8/12/2022,New Home,328500,45990,197100,Y,526.17,497.31,633,Email/Fax,Approved,Jossef Goldberg,Paul Dunton,RE/MAX Triumph Realty,Boston,MA,EF32
Reena,Maisto,Female,Single,Caucasian,Lane Promotions,9648 S Main,Fitchburg,MA,21801,Boston,Massachusetts,410-351-1863,410-951-2667,reena@hotmail.com,11/21/1990,895-29-1863,11/21/2011,6768,6004,686,Jace,Washington,2/9/1981,472-64-2667,Corn Popper,21,9795.42,9/7/2022,New Home,406080,48730,243648,N,650.44,614.76,720,Email/Fax,Approved,Jossef Goldberg,Marilyn Green,RE/MAX Signature Properties,Boston,MA,EF33
Alline,Jeanty,Female,Married,Asian,W W John Holden Inc,55713 Lake City Hwy,South Bend,MA,46601,Boston,Massachusetts,574-656-2800,574-405-1983,ajeanty@gmail.com,7/20/1990,582-12-2800,7/20/2011,7181,3189,633,Eliza,Liang,3/11/1989,310-23-1983,Anker Law Office,13,11167.17,2/7/2022,New Home,430860,43086,258516,N,690.13,652.27,702,Email/Fax,Approved,Jossef Goldberg,Karen Russo,Coldwell Banker Realty,Boston,MA,EF34
Pamella,Schmierer,Female,Married,Latino,K Cs Cstm Mouldings Windows,5161 Dorsett Rd,Homestead,FL,33030,Tampa,Florida,305-420-8970,305-575-8481,pamella.schmierer@schmierer.org,12/19/1979,804-60-8970,12/19/2019,7663,5679,670,Adeline,Thao,9/5/1986,965-11-8481,Remaco Inc,15,15269.92,5/4/2019,New Home,459780,36782,0,N,736.45,696.06,711,Email/Fax,Pending,Felicien Kabuga,Darin G. Crane,Berkshire Hathaway HomeServices Results Realty,Tampa,FL,EF157
Lawrence,Lorens,Male,Single,Caucasian,New England Sec Equip Co Inc,9 Hwy,Andover,MA,2906,Boston,Massachusetts,401-465-6432,401-893-1820,lawrence.lorens@hotmail.com,1/15/1989,396-43-6432,1/15/2010,8176,3364,789,Hazel,Young,8/13/1996,641-05-1820,Leonards Antiques Inc,5,12885.33,5/5/2022,New Home,490560,39245,294336,N,785.75,742.65,724,Email/Fax,Rejected,Jossef Goldberg,Brian Fitzpatrick,Coldwell Banker Realty,Boston,MA,EF36
Donte,Kines,Female,Single,Asian,W Tc Industries Inc,3 Aspen St,Worcester,MA,1602,Boston,Massachusetts,508-429-8576,508-843-1426,dkines@hotmail.com,10/12/1986,269-44-8576,10/12/2007,13503,2203,637,Scarlett,Kumar,1/7/1988,130-73-1426,Stanton  James D Esq,14,3919.33,8/16/2022,New Home,810180,48611,486108,N,1297.7,1226.52,699,Email/Fax,Pending,Jossef Goldberg,Renee Roberts,William Raveis Real Estate  Mortgage & Insurance,Boston,MA,EF37
Fernanda,Jillson,Female,Single,Asian,Shank  Edward L Esq,60480 Old Us Highway 51,Fitchburg,MA,21655,Boston,Massachusetts,410-387-5260,410-724-6472,fjillson@aol.com,10/22/1991,422-84-5260,10/22/2012,14043,4333,783,Hannah,Martinez,9/7/1985,860-40-6472,Parkway Company,16,10635.5,4/14/2021,New Home,842580,50555,505548,N,1349.6,1275.57,689,Email/Fax,Approved,Jossef Goldberg,Lori Seavey,Keller Williams Realty,Boston,MA,EF38
Harrison,Haufler,Male,Married,Asian,John Wagner Associates,759 Eldora St,Fall River,MA,6515,Boston,Massachusetts,203-801-6193,203-801-8497,hhaufler@hotmail.com,10/24/1968,454-94-6193,10/24/2016,14694,2663,652,Jayden,Kang,4/24/1990,243-29-8497,M & M Store Fixtures Co Inc,12,4657.83,5/30/2020,Reverse,881640,52898,528984,N,1412.16,1334.71,791,Email/Fax,Approved,Jossef Goldberg,Kenneth Farrow,RE/MAX Real Estate Center,Boston,MA,EF39
Gareth,Candlish,Male,Single,Caucasian,Alabama Educational Tv Comm,45 2nd Ave #9759,Atlanta,NC,30328,Atlanta,North Carolina,770-732-1194,770-531-2842,sarah.candlish@gmail.com,9/5/1979,293-81-1194,9/5/2019,4167,4812,581,Liam,Jordan,8/8/1999,457-74-2842,Printing Dimensions,2,6104.58,5/26/2022,New Home,250020,50004,0,N,400.47,378.5,684,Email/Fax,Approved,Felix Odhiambo,Sue Anderson,Coldwell Banker Intercoastal Realty,Atlanta,GA,EF5
Zona,Colla,Female,Single,Caucasian,Solove  Robert A Esq,49440 Dearborn St,Norfolk,MA,6854,Boston,Massachusetts,203-461-1949,203-938-2557,zona@hotmail.com,6/19/1978,742-56-1949,6/19/2019,7337,5984,686,Wesley,Doan,4/19/1983,848-09-2557,Hasting  H Duane Esq,19,10207.25,9/16/2020,New Home,440220,44022,0,N,705.12,666.44,667,Email/Fax,Approved,Jossef Goldberg,Erika Steele,RE/MAX Executive Realty,Boston,MA,EF28
Bob,Rhym,Male,Divorced,Caucasian,Smits  Patricia Garity,30 W 80th St #1995,Austin,TX,94070,Dallas,Texas,650-528-5783,650-811-9032,brhym@rhym.com,1/22/1947,518-47-5783,1/22/2018,5681,4385,592,Nova,Lin,10/21/1996,526-86-9032,Wise  Dennis W Md,5,5777.67,9/27/2022,Reverse,340860,47720,102258,Y,545.97,516.02,739,Email/Fax,Pending,Jose Lugo,Tara Roden,Coldwell Banker Apex  Realtors,Dallas,TX,EF42
Meaghan,Garufi,Female,Married,Caucasian,Bolton  Wilbur Esq,69734 E Carrillo St,Mc Minnville,TX,37110,Dallas,Texas,931-313-9635,931-235-7959,meaghan@hotmail.com,12/13/1980,860-70-9635,12/13/2018,5258,4412,629,Emma,Luna,3/25/1987,230-26-7959,Rowley Schlimgen Inc,15,8116.5,1/5/2020,Construction,315480,47322,94644,Y,505.32,477.6,635,Email/Fax,Rejected,James Kramer,Cynthia Tobar,RE/MAX Quail Country,Dallas,TX,EF41
Mari,Lueckenbach,Female,Married,Latino,Westbrooks  Nelson E Jr,1 Century Park E,Austin,TX,92110,Dallas,Texas,858-793-9684,858-228-5683,mari_lueckenbach@yahoo.com,10/18/1980,384-11-9684,10/18/2019,10236,2631,733,Ivy,Desai,4/9/1980,954-56-5683,Bjork  Robert D Jr,22,9974.92,10/1/2021,New Home,614160,36850,0,N,983.73,929.77,729,Email/Fax,Pending,Jose Lugo,Franco Briseno,ERA Sellers & Buyers Real Estate,Dallas,TX,EF54
Willard,Kolmetz,Male,Married,Caucasian,Ingalls  Donald R Esq,618 W Yakima Ave,Irving,TX,75062,Dallas,Texas,972-303-9197,972-896-4882,willard@hotmail.com,3/16/1964,336-47-9197,3/16/2017,12618,2366,768,Andrew,Holmes,12/30/1989,855-75-4882,Newhart Foods Inc,12,20551.58,6/25/2019,Reverse,757080,45425,227124,Y,1212.65,1146.14,801,Email/Fax,Approved,Jose Lugo,Eric Robirds,RE/MAX Abilene,Dallas,TX,EF45
Alaine,Bergesen,Female,Single,Caucasian,Hispanic Magazine,7667 S Hulen St #42,Yonkers,NY,10701,New York,New York,914-300-9193,914-654-1426,alaine_bergesen@cox.net,3/12/1998,637-60-9193,3/12/2019,5220,2328,644,Oliver,Yang,6/10/1998,792-68-1426,Ames Stationers,3,14725.83,8/29/2022,New Home,313200,46980,0,N,501.67,474.15,646,Email/Fax,Pending,Kim Abercrombie,Angela Cugini,Howard Hanna Real Albany,New York,NY,EF91
Juma,Abdallah,Male,Single,Latino,Forging Specialties,1088 Pinehurst St,Chapel Hill,NC,27514,Raleigh,North Carolina,919-225-9345,919-715-3791,johnetta_abdallah@aol.com,7/4/1976,587-55-9345,7/4/2019,6382,4166,758,Autumn,Gonzales,6/6/1991,898-97-3791,Schroer  Gene E Esq,10,6010.5,2/13/2018,New Home,382920,45950,0,N,613.34,579.7,660,Email/Fax,Approved,Adan Duale,Tony Lee,RE/MAX Southland Realty II,Raleigh,NC,EF142
Raul,Upthegrove,Male,Married,Asian,Neeley  Gregory W Esq,4 E Colonial Dr,Austin,TX,91942,Dallas,Texas,619-509-5282,619-666-4765,rupthegrove@yahoo.com,7/20/1977,985-28-5282,7/20/1998,10229,3269,616,Grayson,Turner,6/30/1971,524-16-4765,Seashore Supply Co Waretown,30,5266.33,9/6/2019,Home Equity,613740,36824,306870,Y,983.05,929.13,748,Email/Fax,Pending,James Kramer,Evan Martin,RE/MAX Signature Properties,Dallas,TX,EF48
Caprice,Suell,Female,Married,Asian,Egnor  W Dan Esq,90177 N 55th Ave,Nashville,TX,37211,Dallas,Texas,615-246-1824,615-726-4537,caprice@aol.com,10/27/1979,740-71-1824,10/27/2000,12943,4932,703,Luke,Sanchez,12/27/1994,273-07-4537,Midas Muffler Shops,7,10825.25,5/18/2020,Home Equity,776580,46595,388290,Y,1243.88,1175.66,684,Email/Fax,Rejected,James Kramer,Thao T. Nguyen,Keller Williams Realty,Dallas,TX,EF49
Filiberto,Tawil,Male,Married,Asian,Flash  Elena Salerno Esq,3882 W Congress St #799,Austin,TX,90016,Dallas,Texas,323-765-2528,323-842-8226,ftawil@hotmail.com,3/1/1981,665-27-2528,3/1/2002,13765,4792,632,Benjamin,Ramirez,7/27/1984,939-01-8226,Can Tron,17,5748.92,11/22/2019,Home Equity,825900,49554,412950,Y,1322.88,1250.32,799,Email/Fax,Rejected,James Kramer,Shay Millheiser,Kuper Sotheby's International Realty,Dallas,TX,EF50
Jade,Farrar,Female,Married,Latino,Bonnet & Daughter,6882 Torresdale Ave,Columbia,NC,29201,Raleigh,North Carolina,803-352-5387,803-975-3405,jade.farrar@yahoo.com,9/24/1998,729-70-5387,9/24/2019,16789,3283,697,Jameson,Martin,2/15/1987,607-52-3405,Accurel Systems Intrntl Corp,15,5974.58,5/29/2018,New Home,1007340,251835,0,N,1613.5,1525,781,Email/Fax,Rejected,Carroll Adam,Cathy C. Young,Allen Tate Realtors,Raleigh,NC,EF144
Stevie,Westerbeck,Male,Divorced,Black,Wise  Dennis W Md,26659 N 13th St,Dallas,TX,92626,Dallas,Texas,949-867-4077,949-903-3898,stevie.westerbeck@yahoo.com,3/6/1965,683-40-4077,3/6/2019,7525,4559,691,Logan,Soto,8/18/1997,809-60-3898,Berhanu International Foods,4,18617,7/1/2018,Reverse,451500,45150,0,N,723.19,683.52,689,Email/Fax,Pending,Jose Lugo,Rosamaria McGuire,EXIT Realty of Lubbock,Dallas,TX,EF52
Ashlyn,Pinilla,Female,Divorced,Latino,Art Crafters,703 Beville Rd,Opa Locka,FL,33054,Tampa,Florida,305-670-9628,305-857-5489,apinilla@cox.net,12/18/1975,865-18-9628,12/18/2018,12946,4100,601,Eleanor,Williams,2/9/1984,960-23-5489,Northwest Publishing,18,5371.83,10/23/2020,Construction,776760,46606,233028,Y,1244.17,1175.93,767,Email/Fax,Pending,Felicien Kabuga,Missy Zecher,RE/MAX Professionals,Tampa,FL,EF153
Jenelle,Regusters,Female,Married,Caucasian,Haavisto  Brian F Esq,3211 E Northeast Loop,Tampa,FL,33619,Tampa,Florida,813-932-8715,813-357-7296,jregusters@regusters.com,6/22/1998,517-83-8715,6/22/2019,20897,3332,665,Nicholas,Wong,11/7/1998,584-11-7296,Oh My Goodknits Inc,3,14550.58,4/5/2022,New Home,1253820,188073,0,N,2008.3,1898.14,650,Email/Fax,Rejected,Felicien Kabuga,Callan Edick,Keller Williams Realty,Tampa,FL,EF158
Paz,Sahagun,Male,Married,Black,White Sign Div Ctrl Equip Co,919 Wall Blvd,Meridian,TX,39307,Dallas,Texas,601-927-8287,601-249-4511,paz_sahagun@cox.net,7/27/1967,781-85-8287,7/27/2019,18411,3522,710,Amelia,Bell,8/5/1996,721-97-4511,Water Office,5,7480.75,1/22/2020,Reverse,1104660,276165,0,N,1769.38,1672.33,661,Email/Fax,Pending,Frank Miller,Kristal Saenz,EXIT Realty of Lubbock,Dallas,TX,EF55
Leota,Dilliard,Male,Married,Caucasian,Commercial Press,7 W Jackson Blvd,Houston,TX,95111,Dallas,Texas,408-752-3500,408-813-1105,leota@hotmail.com,3/16/1991,568-64-3500,3/16/2012,3840,2718,738,Peyton,Harris,4/5/1988,277-86-1105,Asendorf  J Alan Esq,14,5375.42,11/2/2021,New Home,230400,46080,138240,Y,369.04,348.8,587,Email/Fax,Approved,Frank Miller,Jeremy Fain,Greenwood King Properties,Dallas,TX,EF56
Bernardine,Rodefer,Female,Married,Black,Sat Poly Inc,2 W Grand Ave,Memphis,TX,38112,Dallas,Texas,901-901-4726,901-739-5892,bernardine_rodefer@yahoo.com,8/20/1983,927-43-4726,8/20/2004,4099,3744,660,Jayden,Williams,12/26/1971,905-15-5892,Circuit Solution Inc,30,8722.33,1/18/2020,New Home,245940,49188,147564,Y,393.93,372.33,580,Email/Fax,Rejected,Frank Miller,Brittany Dodson,RE/MAX Signature Properties,Dallas,TX,EF57
Kaitlyn,Ogg,Female,Single,Caucasian,Garrison  Paul E Esq,2 S Biscayne Blvd,Haverhill,MA,21230,Boston,Massachusetts,410-665-4903,410-773-3862,kaitlyn.ogg@gmail.com,5/6/1979,185-03-4903,5/6/2018,4084,4320,712,Eloise,Alexander,1/21/1997,436-59-3862,Denbrook  Myron,5,17350.83,7/10/2017,Construction,245040,49008,73512,Y,392.49,370.96,777,Email/Fax,Pending,Jossef Goldberg,Jason Saphire,www.EntryOnly.com,Boston,MA,EF20
Glendora,Sarbacher,Female,Married,Asian,Defur Voran Hanley Radcliff,2140 Diamond Blvd,Austin,TX,94928,Dallas,Texas,707-653-8214,707-881-3154,gsarbacher@gmail.com,6/23/1955,528-92-8214,6/23/2014,5390,5849,767,Dylan,Ali,4/16/2000,451-75-3154,Courtyard By Marriott,2,11116.67,7/16/2021,Reverse,323400,45276,194040,Y,518,489.59,619,Email/Fax,Approved,James Kramer,Travis Hitt,Rogers Healy and Associates,Dallas,TX,EF59
Roxane,Campain,Female,Married,Caucasian,Rapid Trading Intl,1048 Main St,Fairbanks,MA,99708,Boston,Massachusetts,907-231-4722,907-335-6568,roxane@hotmail.com,1/2/1977,835-93-4722,1/2/2018,15854,4439,600,Hudson,Hill,11/4/1998,887-68-6568,Central Die Casting Mfg Co Inc,3,8007.67,11/19/2018,Construction,951240,57074,285372,N,1523.64,1440.07,781,Email/Fax,Approved,Jossef Goldberg,Melissa Dailey,Coldwell Banker Realty,Boston,MA,EF23
Melodie,Knipp,Female,Married,Caucasian,Fleetwood Building Block Inc,326 E Main St #6496,Houston,TX,91362,Dallas,Texas,805-690-1682,805-810-8964,mknipp@gmail.com,7/18/1997,312-58-1682,7/18/2018,5931,5283,653,Penelope,Silva,11/3/1995,653-18-8964,Nercon Engineering & Mfg Inc,6,7884.83,4/17/2022,Construction,355860,49820,106758,Y,570,538.73,603,Email/Fax,Approved,James Kramer,Jason Gutierrez,Berkshire Hathaway HomeServices Don Johnson  REALTORS,Dallas,TX,EF43
Justine,Ferrario,Female,Married,Latino,Newhart Foods Inc,48 Stratford Ave,Austin,TX,91768,Dallas,Texas,909-993-3242,909-631-5703,jferrario@hotmail.com,4/27/1958,558-06-3242,4/27/2014,6322,2518,704,John,Delgado,2/11/1996,401-35-5703,Century 21 Krall Real Estate,6,7671.5,3/29/2021,Reverse,379320,45518,227592,N,607.57,574.25,683,Email/Fax,Pending,Jose Lugo,Haley Howard,RE/MAX Trinity II,Dallas,TX,EF62
Lewis,Hagele,Male,Married,Latino,Ninas Indian Grs & Videos,627 Walford Ave,Dallas,TX,75227,Dallas,Texas,214-339-1809,214-225-5850,lhagele@cox.net,10/12/1985,537-85-1809,10/12/2006,6649,3371,588,Peyton,Garza,8/15/1983,433-85-5850,Hubbard  Bruce Esq,18,3727.92,7/13/2018,New Home,398940,47873,239364,N,639,603.95,740,Email/Fax,Rejected,Jose Lugo,Amanda Cunningham,Coldwell Banker Apex  Realtors,Dallas,TX,EF63
Kristel,Ehmann,Female,Single,Latino,Mccoy  Joy Reynolds Esq,92899 Kalakaua Ave,El Paso,TX,79925,Dallas,Texas,915-452-1290,915-300-6100,kristel.ehmann@aol.com,4/15/1987,362-31-1290,4/15/2008,7203,2952,716,Madison,Nelson,7/16/2000,641-62-6100,H H H Enterprises Inc,1,13479.92,9/28/2018,New Home,432180,43218,259308,N,692.24,654.27,676,Email/Fax,Pending,Jose Lugo,AC Rooker,RE/MAX Vision,Dallas,TX,EF64
Lorrie,Nestle,Female,Married,Asian,Ballard Spahr Andrews,39 S 7th St,Tullahoma,TX,37388,Dallas,Texas,931-875-6644,931-303-6041,lnestle@hotmail.com,2/26/1989,721-00-6644,2/26/2010,7564,2830,632,Jameson,Nelson,3/8/1995,457-73-6041,Shimotani  Grace T,7,8047.17,5/20/2022,New Home,453840,45384,272304,N,726.94,687.06,621,Email/Fax,Approved,Jose Lugo,Brian Curry,RE/MAX Dallas Suburbs,Dallas,TX,EF65
Aliza,Baltimore,Female,Married,Asian,Andrews  J Robert Esq,1128 Delaware St,Houston,TX,95132,Dallas,Texas,408-504-3552,408-425-1994,aliza@aol.com,12/12/1988,626-07-3552,12/12/2009,9520,6022,759,Grace,Carter,3/17/2000,348-50-1994,American Speedy Printing Ctrs,2,12923.33,11/15/2021,Refinance,571200,34272,342720,N,914.92,864.73,586,Email/Fax,Rejected,James Kramer,Yolanda Rivas,RE/MAX Real Estate Services II,Dallas,TX,EF66
Micaela,Rhymes,Female,Married,Asian,H Lee Leonard Attorney At Law,20932 Hedley St,Dallas,TX,94520,Dallas,Texas,925-647-3298,925-522-7798,micaela_rhymes@gmail.com,4/18/1985,189-81-3298,4/18/2006,11207,4990,746,Eloise,Pham,10/20/1990,806-75-7798,Prohab Rehabilitation Servs,11,10303.33,6/6/2018,Refinance,672420,40345,403452,N,1077.05,1017.97,787,Email/Fax,Rejected,James Kramer,Neil Spiller,RE/MAX On the Water - Bolivar,Dallas,TX,EF67
Glen,Slayton,Male,Married,Black,Toledo Iv Care,2759 Livingston Ave,Memphis,TX,38118,Dallas,Texas,901-640-9178,901-869-4314,glenna_slayton@cox.net,11/10/1983,130-13-9178,11/10/2004,11860,5887,594,Vivian,Chu,1/17/2000,373-60-4314,Carmichael  Jeffery L Esq,2,6010.92,1/14/2020,Refinance,711600,42696,426960,N,1139.8,1077.28,700,Email/Fax,Rejected,James Kramer,Jollete Ryon,RE/MAX Lifestyle Property,Dallas,TX,EF68
Lashon,Vizarro,Female,Married,Caucasian,Sentry Signs,433 Westminster Blvd #590,Austin,TX,95661,Dallas,Texas,916-741-7884,916-289-4526,lashon@aol.com,4/28/1985,739-99-7884,4/28/2006,12563,3624,784,Emily,Gupta,2/23/1985,942-14-4526,Garrison Ind,17,5308.75,7/28/2021,Refinance,753780,45227,452268,N,1207.36,1141.14,677,Email/Fax,Approved,Jose Lugo,Andrea Peters,Keller Williams Realty,Dallas,TX,EF69
Lauran,Burnard,Female,Married,Asian,Professionals Unlimited,66697 Park Pl #3224,Riverton,TX,82501,Dallas,Texas,307-342-7795,307-453-7589,lburnard@burnard.com,3/14/1983,161-07-7795,3/14/2004,12917,5667,621,Hazel,Alvarez,4/19/1993,394-49-7589,Alinabal Inc,9,3774.58,6/26/2021,Refinance,775020,46501,465012,N,1241.38,1173.29,716,Email/Fax,Pending,James Kramer,Colleen Sherlock,Greenwood King Properties,Dallas,TX,EF70
Veronika,Inouye,Female,Married,Caucasian,C 4 Network Inc,6 Greenleaf Ave,Houston,TX,95111,Dallas,Texas,408-540-1785,408-813-4592,vinouye@aol.com,5/28/1983,512-70-1785,5/28/2004,13324,5105,775,David,Herrera,10/9/2000,305-21-4592,Super 8 Motel,1,8524.83,11/7/2022,Refinance,799440,47966,479664,N,1280.5,1210.26,596,Email/Fax,Pending,Jose Lugo,Leslie Brown,Phyllis Browning Company,Dallas,TX,EF71
Lorean,Martabano,Female,Married,Asian,Hiram  Hogg P Esq,85092 Southern Blvd,San Antonio,TX,78204,Dallas,Texas,210-856-4979,210-634-2447,lorean.martabano@hotmail.com,9/2/1981,549-77-4979,9/2/2018,18455,6174,749,Charlotte,Baker,11/17/1995,448-81-2447,Tipiak Inc,6,5077.5,9/19/2022,Construction,1107300,276825,332190,N,1773.61,1676.33,776,Email/Fax,Pending,James Kramer,Betsy Russell,Keller Williams Realty,Dallas,TX,EF47
Tarra,Nachor,Female,Married,Latino,Circuit Solution Inc,39 Moccasin Dr,Houston,TX,94104,Dallas,Texas,415-411-1775,415-284-2730,tarra.nachor@cox.net,4/13/1974,179-62-1775,4/13/1995,4238,3802,738,Madelyn,Chan,5/21/1982,881-80-2730,Pagano  Philip G Esq,20,8870.33,10/21/2021,Reverse,254280,50856,27971,N,407.29,384.95,786,Email/Fax,Rejected,Jose Lugo,Kasey Dalby,Keller Williams Realty,Dallas,TX,EF73
Earl,Mai,Male,Married,Caucasian,Little Sheet Metal Co,75684 S Withlapopka Dr #32,Dallas,TX,75227,Dallas,Texas,214-289-1973,214-785-6750,earleen_mai@cox.net,4/1/1971,890-61-1973,4/1/1992,4484,3032,700,Maverick,Li,3/10/1997,361-56-6750,Glenridge Manor Mobile Home Pk,5,4916.08,7/21/2018,Reverse,269040,40356,29594,N,430.93,407.3,809,Email/Fax,Rejected,James Kramer,Andy Mazzolini,Keller Williams Realty,Dallas,TX,EF74
Rozella,Ostrosky,Female,Married,Caucasian,Parkway Company,17 Morena Blvd,Dallas,TX,93012,Dallas,Texas,805-832-6163,805-609-1531,rozella.ostrosky@ostrosky.com,4/8/1971,419-65-6163,4/8/1992,9740,5591,792,Ian,Cortez,4/30/1987,389-44-1531,Redeker  Debbie,15,5779.33,1/16/2018,Reverse,584400,35064,64284,N,936.06,884.72,804,Email/Fax,Approved,James Kramer,Susan Shakespeare,WestMark  Realtors,Dallas,TX,EF75
Fletcher,Flosi,Male,Married,Asian,Post Box Services Plus,394 Manchester Blvd,Houston,TX,61109,Houston,Texas,815-828-2147,815-426-5657,fletcher.flosi@yahoo.com,2/19/1978,137-06-2147,2/19/1999,15984,5908,672,Julia,Doan,9/7/1996,231-53-5657,H A C Farm Lines Co Optv Assoc,5,3893.92,7/12/2021,Home Equity,959040,57542,479520,Y,1536.14,1451.88,616,Email/Fax,Rejected,Eugene Kogan,Peri Duncan,Berkshire Hathaway HomeServices PenFed Realty Texas,Houston,TX,EF76
Ciara,Ventura,Female,Married,Caucasian,Johnson  Robert M Esq,53 W Carey St,Port Jervis,NY,12771,New York,New York,845-823-8877,845-694-7919,cventura@yahoo.com,5/14/1997,627-06-8877,5/14/2018,5082,3538,712,Jaxson,Liang,3/3/1998,398-12-7919,Di Cristina J & Son,4,5592.83,4/2/2021,Construction,304920,45738,91476,Y,488.4,461.62,647,Email/Fax,Pending,Sidney Higa,Daniel Axtmann,Berkshire Hathaway HomeServices Hudson Valley Properties,New York,NY,EF82
Martina,Maybury,Male,Married,Asian,Eldridge  Kristin K Esq,4 Warehouse Point Rd #7,Houston,TX,60638,Houston,Texas,773-775-4522,773-539-1058,marti.maybury@yahoo.com,11/16/1981,557-02-4522,11/16/2002,8000,2418,748,Genesis,Zhu,7/20/1999,337-16-1058,Switchcraft Inc,2,15413.33,3/9/2018,Refinance,480000,38400,288000,N,768.84,726.67,662,Email/Fax,Rejected,Eugene Kogan,Norma Turkington,RE/MAX Elite,Houston,TX,EF78
Kristeen,Turinetti,Female,Married,Caucasian,Jeanerette Middle School,70099 E North Ave,Channelview,TX,76013,Houston,Texas,817-213-8851,817-947-9480,kristeen@gmail.com,11/3/1992,584-61-8851,11/3/2013,15542,3372,681,Nicholas,Song,5/23/1978,230-56-9480,Wells  D Fred Esq,24,5733.92,5/6/2022,Refinance,932520,55951,559512,N,1493.66,1411.73,744,Email/Fax,Pending,Eugene Kogan,Shirl Thornton,RE/MAX Horseshoe Bay Resort Sales Co.,Houston,TX,EF79
Joni,Breland,Male,Married,Asian,Carriage House Cllsn Rpr Inc,35 E Main St #43,Houston,TX,60007,Houston,Texas,847-519-5906,847-740-5304,joni_breland@cox.net,11/16/1974,349-25-5906,11/16/1995,10495,6027,616,William,Walker,2/24/1998,719-89-5304,Silver Bros Inc,4,7991.58,10/2/2018,Reverse,629700,37782,69267,N,1008.62,953.3,702,Email/Fax,Pending,Eugene Kogan,Dane Gates,Berkshire Hathaway HomeServices Premier Properties,Houston,TX,EF80
Tasia,Andreason,Female,Divorced,Caucasian,Campbell  Robert A,4 Cowesett Ave,Kearny,NY,7032,New York,New York,201-920-9002,201-969-7063,tasia_andreason@yahoo.com,1/18/1949,752-24-9002,1/18/2017,4483,3947,642,Eli,Richardson,4/19/1994,849-78-7063,Tyee Productions Inc,8,4063.5,8/9/2019,Reverse,268980,40347,80694,Y,430.84,407.21,667,Email/Fax,Approved,Kim Abercrombie,Geraldine Andolina,CENTURY 21 Winklhofer,New York,NY,EF81
Gary,Nunlee,Male,Single,Caucasian,Irving Foot Center,2 W Mount Royal Ave,Fortville,MA,46040,Boston,Massachusetts,317-542-6023,317-887-8486,gary_nunlee@nunlee.org,12/18/1981,209-40-6023,12/18/2016,7455,3537,701,Christopher,Chung,12/18/2000,262-81-8486,Desco Equipment Corp,1,7972.5,12/30/2018,Construction,447300,44730,134190,N,716.46,677.16,607,Email/Fax,Approved,Jossef Goldberg,Kim Covino,Compass,Boston,MA,EF22
Wynell,Dorshorst,Male,Married,Asian,Haehnel  Craig W Esq,94290 S Buchanan St,Austin,TX,94044,Dallas,Texas,650-473-1262,650-749-9879,wynell_dorshorst@dorshorst.org,2/14/1980,618-35-1262,2/14/2017,7997,5545,658,Caroline,Perez,1/14/1997,638-17-9879,Quality Inn Northwest,5,6709.67,12/2/2020,Construction,479820,38386,143946,N,768.55,726.39,725,Email/Fax,Approved,James Kramer,Stacy Mathews,Berkshire Hathaway HomeServices Premier Properties,Dallas,TX,EF44
Cecilia,Colaizzo,Female,Married,Black,Switchcraft Inc,4 Nw 12th St #3849,Madison,NY,53717,New York,New York,608-382-4541,608-302-3387,cecilia_colaizzo@colaizzo.com,5/9/1951,575-63-4541,5/9/2018,6110,4556,677,William,Cao,2/12/1996,258-96-3387,Fbs Business Finance,6,6469.08,12/12/2019,Reverse,366600,51324,109980,Y,587.2,554.99,639,Email/Fax,Rejected,Bruce Mutiso,Chintan Trivedi,RE/MAX In the City,New York,NY,EF84
Vincenza,Zepp,Male,Married,Asian,Kbor 1600 Am,395 S 6th St #2,Dallas,TX,92020,Dallas,Texas,619-603-5125,619-935-6661,vzepp@gmail.com,3/10/1996,474-48-5125,3/10/2017,16413,4488,795,Anthony,Marquez,8/15/1988,804-10-6661,Tri State Refueler Co,13,20090.25,9/20/2018,Construction,984780,59087,295434,N,1577.37,1490.85,767,Email/Fax,Pending,Jose Lugo,Tara Stark,Keller Williams Realty,Dallas,TX,EF46
An,Fritz,Female,Single,Asian,Linguistic Systems Inc,506 S Hacienda Dr,Atlantic City,NY,8401,New York,New York,609-228-5265,609-854-7156,an_fritz@hotmail.com,12/4/1975,768-03-5265,12/4/1996,8280,2214,711,Angel,Lin,12/24/1999,555-78-7156,Wheatley Trucking Company,2,7693.42,6/16/2017,Home Equity,496800,74520,248400,Y,795.75,752.1,681,Email/Fax,Rejected,Sidney Higa,Michele Rios,Berkshire Hathaway HomeServices Hudson Valley Properties,New York,NY,EF86
Gregoria,Pawlowicz,Female,Single,Caucasian,Oh My Goodknits Inc,455 N Main Ave,Garden City,NY,11530,New York,New York,516-212-1915,516-376-4230,gpawlowicz@yahoo.com,8/2/1978,587-32-1915,8/2/1999,11500,4830,632,Daniel,Shah,6/4/1989,887-20-4230,Olsen Payne & Company,12,6035.42,1/7/2019,Home Equity,690000,41400,345000,Y,1105.2,1044.58,701,Email/Fax,Approved,Sidney Higa,Heather Shea-Canaley,ERA Team VP Real Estate,New York,NY,EF87
Ty,Smith,Male,Married,Asian,Bresler Eitel Framg Gllry Ltd,4646 Kaahumanu St,Hackensack,NY,7601,New York,New York,201-672-1553,201-995-3149,tsmith@aol.com,7/12/1996,378-41-1553,7/12/2017,5916,4613,688,Mateo,Harris,8/5/1996,710-93-3149,Comfort Inn,5,9992.17,2/24/2019,Construction,354960,49694,106488,Y,568.56,537.37,805,Email/Fax,Rejected,Kim Abercrombie,Nancy Kennedy,Houlihan Lawrence,New York,NY,EF83
Virgie,Kiel,Female,Single,Asian,Cullen  Terrence P Esq,76598 Rd  I 95 #1,Albany,NY,80216,New York,New York,303-776-7548,303-845-5408,vkiel@hotmail.com,2/14/1968,874-14-7548,2/14/2021,4028,2687,772,Kennedy,Romero,12/27/1997,483-85-5408,Egnor  W Dan Esq,4,7279.92,8/14/2018,Reverse,241680,48336,0,N,387.11,365.88,621,Email/Fax,Pending,Bruce Mutiso,Molly Elliott,Howard Hanna Real Syracuse,New York,NY,EF89
Michael,Lawler,Male,Married,Caucasian,Nischwitz  Jeffrey L Esq,4671 Alemany Blvd,Jersey City,NY,7304,New York,New York,201-588-7810,201-858-9960,merlyn_lawler@hotmail.com,1/5/1978,866-52-7810,1/5/2017,15867,5181,807,Lyla,Yoon,12/13/1991,529-90-9960,Wye Technologies Inc,10,15964.25,7/20/2019,Construction,952020,57121,285606,N,1524.89,1441.25,621,Email/Fax,Rejected,Sidney Higa,Tina Dillon,Howard Hanna Real Buffalo,New York,NY,EF85
Nan,Koppinger,Male,Married,Caucasian,Shimotani  Grace T,88827 Frankford Ave,Greensboro,NC,27401,Raleigh,North Carolina,336-370-5333,336-564-1492,nan@koppinger.com,12/27/1995,783-95-5333,12/27/2016,3473,4867,684,Allison,Daniels,4/14/1999,816-17-1492,International Eyelets Inc,3,8627,2/20/2019,Construction,208380,41676,62514,Y,333.77,315.46,727,Email/Fax,Pending,Carroll Adam,Dexter Hubbard,RE/MAX Mountain Properties,Raleigh,NC,EF135
Livio,Diestel,Male,Single,Latino,Dimmock  Thomas J Esq,1482 College Ave,Fayetteville,NC,28301,Raleigh,North Carolina,910-922-3672,910-200-7912,lonna_diestel@gmail.com,5/3/1996,415-81-3672,5/3/2017,7571,3439,645,Autumn,Leung,11/15/2000,905-49-7912,Burton & Davis,1,17559,12/9/2018,Construction,454260,45426,136278,N,727.61,687.7,721,Email/Fax,Pending,Adan Duale,Bala Sure,RE/MAX Executive,Raleigh,NC,EF137
Selma,Husser,Female,Married,Latino,Armon Communications,9 State Highway 57 #22,Jersey City,NY,7306,New York,New York,201-991-8369,201-772-7699,selma.husser@cox.net,2/10/1969,480-12-8369,2/10/2021,6657,2297,596,Theodore,Xi,10/5/1988,329-45-7699,Chilton Malting Co,13,10240.83,7/28/2019,Reverse,399420,47930,0,N,639.77,604.68,682,Email/Fax,Approved,Kim Abercrombie,Cindy B Rosato,RE/MAX Realty Group,New York,NY,EF93
Christiane,Eschberger,Female,Married,Latino,Casco Services Inc,96541 W Central Blvd,Charlotte,NC,85034,Raleigh,North Carolina,602-390-4944,602-330-6894,christiane.eschberger@yahoo.com,1/4/1979,412-83-4944,1/4/2017,14875,2124,706,Bella,Holmes,6/26/1996,838-83-6894,In Travel Agency,5,13439.08,3/1/2021,Construction,892500,53550,267750,N,1429.56,1351.15,770,Email/Fax,Pending,Adan Duale,Gay Poindexter,RE/MAX Premier Realty,Raleigh,NC,EF138
Freeman,Gochal,Male,Married,Caucasian,Kellermann  William T Esq,383 Gunderman Rd #197,Coatesville,NC,19320,Atlanta,North Carolina,610-476-3501,610-752-2683,freeman_gochal@aol.com,12/2/1995,627-65-3501,12/2/2016,9482,5695,657,Lucy,Figueroa,1/10/1995,389-77-2683,Mosocco  Ronald A,7,12480.08,5/5/2018,Construction,568920,85338,170676,N,911.26,861.28,687,Email/Fax,Approved,Julia Jones,Kendall Butler,F.L.I. Properties,Atlanta,GA,EF1
Maryann,Royster,Female,Single,Caucasian,Franklin  Peter L Esq,74 S Westgate St,Jacinto City,NY,12204,New York,New York,518-966-7987,518-448-8982,mroyster@royster.com,1/25/1953,445-52-7987,1/25/2019,9461,2220,622,Samantha,Aguilar,4/24/1989,517-51-8982,Irving Foot Center,13,8553,3/27/2022,Reverse,567660,85149,0,N,909.25,859.37,714,Email/Fax,Approved,Sidney Higa,Kevin Kelly,Howard Hanna Real Buffalo,New York,NY,EF96
Graham,Galam,Male,Married,Latino,Wheatley Trucking Company,2500 Pringle Rd Se #508,Hatfield,NC,19440,Atlanta,North Carolina,215-888-3304,215-351-8523,britt@galam.org,5/2/1995,475-32-3304,5/2/2016,4232,6023,640,Alexander,Gonzales,6/4/1997,902-58-8523,Insty Prints,4,10694.08,3/20/2019,Refinance,253920,50784,152352,Y,406.72,384.41,611,Email/Fax,Pending,Felix Odhiamgo,Jamie McCleskey,Coldwell Banker Realty,Atlanta,GA,EF7
Yolando,Luczki,Female,Married,Asian,Dal Tile Corporation,422 E 21st St,Syracuse,NY,13214,New York,New York,315-304-4759,315-640-6357,yolando@cox.net,2/22/1990,759-48-4759,2/22/2011,3611,4380,740,Colton,Garcia,11/17/1972,305-01-6357,Freehold Fence Co,29,6680.83,3/24/2022,Refinance,216660,43332,129996,Y,347.03,328,758,Email/Fax,Approved,Frank Miller,Carol Klein,HUNT Real Estate ERA,New York,NY,EF98
Nobuko,Halsey,Male,Married,Asian,Goeman Wood Products Inc,8139 I Hwy 10 #92,New Bedford,MA,2745,Boston,Massachusetts,508-855-9887,508-897-7916,nobuko.halsey@yahoo.com,1/15/1975,379-66-9887,1/15/2016,7499,5248,731,Grace,Sun,4/17/2000,348-54-7916,Ray Carolyne Realty,2,15572.5,5/22/2020,Refinance,449940,44994,269964,N,720.69,681.16,631,Email/Fax,Rejected,Jossef Goldberg,Elena Price,Coldwell Banker Realty,Boston,MA,EF35
Kate,Keneipp,Female,Married,Asian,Davis  Maxon R Esq,33 N Michigan Ave,Green Bay,NY,54301,New York,New York,920-353-6377,920-355-1610,kate_keneipp@yahoo.com,3/28/1981,540-63-6377,3/28/2002,4206,5541,688,Cora,Zheng,1/3/1997,955-59-1610,Affiliated With Travelodge,5,13925,2/12/2019,Refinance,252360,50472,151416,Y,404.22,382.05,740,Email/Fax,Pending,Bruce Mutiso,Jeff Serouya,Berkshire Hathaway HomeServices Hudson Valley Properties,New York,NY,EF100
Lindsey,Dilello,Female,Married,Black,Biltmore Investors Bank,52777 Leaders Heights Rd,Austin,TX,91761,Dallas,Texas,909-639-9887,909-589-1693,lindsey.dilello@hotmail.com,5/7/1995,527-82-9887,5/7/2016,5933,3661,656,Piper,Ramos,4/2/1975,274-49-1693,Goulds Pumps Inc Slurry Pump,27,13088.08,10/18/2020,Refinance,355980,49837,213588,N,570.19,538.91,750,Email/Fax,Rejected,Jose Lugo,Marita Corkill,RE/MAX Space Center III,Dallas,TX,EF61
Bok,Isaacs,Male,Single,Caucasian,Nelson Hawaiian Ltd,6 Gilson St,Bronx,NY,10468,New York,New York,718-809-3762,718-478-8568,bok.isaacs@aol.com,10/23/1988,153-26-3762,10/23/2009,4535,5913,719,Mila,Roberts,1/26/1996,755-53-8568,Mutual Fish Co,6,7388.58,11/16/2017,Refinance,272100,40815,163260,Y,435.83,411.93,632,Email/Fax,Rejected,Sidney Higa,Nancy Jarvis,Daniel Gale Sotheby's International Realty,New York,NY,EF102
Estrella,Samu,Female,Single,Asian,Marking Devices Pubg Co,64 Lakeview Ave,Beloit,NY,53511,New York,New York,608-976-7199,608-942-8836,estrella@aol.com,11/14/1958,765-92-7199,11/14/2013,4670,3338,624,Wesley,Dominguez,4/27/1997,634-78-8836,Stanton  James D Esq,5,9624.17,8/15/2022,Reverse,280200,42030,168120,Y,448.81,424.19,742,Email/Fax,Rejected,Bruce Mutiso,G. Harlan Furbush,Keller Williams Realty,New York,NY,EF103
Alease,Buemi,Female,Single,Black,Porto Cayo At Hawks Cay,4 Webbs Chapel Rd,Albany,NY,80303,New York,New York,303-301-4946,303-521-9860,alease@buemi.com,8/21/1987,511-62-4946,8/21/2008,4922,4763,797,Hazel,Cortez,4/18/2000,482-97-9860,Nischwitz  Jeffrey L Esq,2,4212.33,10/15/2017,Refinance,295320,44298,177192,Y,473.03,447.08,680,Email/Fax,Rejected,Sidney Higa,Eric Stein,RE/MAX Distinguished Homes & Properties,New York,NY,EF104
Delisa,Crupi,Female,Single,Black,Wood & Whitacre Contractors,47565 W Grand Ave,Newark,NY,7105,New York,New York,973-354-2040,973-847-9611,delisa.crupi@crupi.com,6/10/1984,563-03-2040,6/10/2005,5615,2646,753,Jackson,Navarro,9/25/1999,547-98-9611,Merlin Electric Co,2,13595.25,8/11/2020,Refinance,336900,47166,202140,Y,539.63,510.03,647,Email/Fax,Rejected,Kim Abercrombie,Michelle Keegan,Douglas Elliman,New York,NY,EF105
Daren,Weirather,Male,Married,Asian,Panasystems,9 N College Ave #3,Milwaukee,NY,53216,New York,New York,414-959-2540,414-838-3151,dweirather@aol.com,5/22/1995,602-21-2540,5/22/2016,3718,3000,609,Quinn,Trinh,5/9/1989,251-58-3151,Osborne  Michelle M Esq,13,5645.25,3/30/2020,Refinance,223080,44616,133848,Y,357.32,337.72,704,Email/Fax,Rejected,Frank Miller,Kellie Jo Maher,Coldwell Banker Prime Properties,New York,NY,EF99
Eladia,Saulter,Female,Single,Asian,Tyee Productions Inc,3958 S Dupont Hwy #7,Ramsey,NY,7446,New York,New York,201-474-4924,201-365-8698,eladia@saulter.com,9/10/1989,354-21-4924,9/10/2010,6069,2175,638,Xavier,Perez,2/26/1977,850-28-8698,Forging Specialties,25,5925.92,5/13/2021,Refinance,364140,50980,218484,N,583.26,551.27,666,Email/Fax,Pending,Kim Abercrombie,Sandra Calalesina,CENTURY 21 Turner Brokers,New York,NY,EF107
France,Buzick,Male,Single,Caucasian,In Travel Agency,64 Newman Springs Rd E,Brooklyn,NY,11219,New York,New York,718-478-8504,718-853-3740,france.buzick@yahoo.com,5/23/1981,949-54-8504,5/23/2002,6363,2229,585,Jameson,Juarez,10/9/1973,877-94-3740,Neeley  Gregory W Esq,28,8185.83,12/2/2022,Refinance,381780,45814,229068,N,611.51,577.97,639,Email/Fax,Pending,Kim Abercrombie,Lynn Dates,Keller Williams Realty,New York,NY,EF108
Alisha,Slusarski,Female,Married,Caucasian,Wtlz Power 107 Fm,3273 State St,Middlesex,NY,8846,New York,New York,732-658-3154,732-635-3453,alisha@slusarski.com,7/1/1989,253-29-3154,7/1/2010,6520,5302,789,Isabella,Bui,11/21/1993,205-90-3453,Kummerer  J Michael Esq,8,8125,3/14/2020,Refinance,391200,46944,234720,N,626.6,592.23,740,Email/Fax,Rejected,Kim Abercrombie,Robert Farrell,EXIT Realty Homeward Bound,New York,NY,EF109
Josephine,Darakjy,Female,Divorced,Caucasian,Chanay  Jeffrey A Esq,4 B Blue Ridge Blvd,Brighton,NY,48116,New York,New York,810-292-9388,810-374-9840,josephine_darakjy@darakjy.org,1/27/1987,387-87-9388,1/27/2008,6669,6114,671,Parker,Vang,12/17/1995,340-32-9840,Case Foundation Co,6,4227.75,11/12/2017,Refinance,400140,48017,240084,N,640.92,605.77,774,Email/Fax,Pending,Bruce Mutiso,Ryan Daley,Keller Williams Realty,New York,NY,EF110
Sharee,Maile,Female,Married,Asian,Holiday Inn Naperville,2094 Montour Blvd,Muskegon,NY,49442,New York,New York,231-467-9978,231-265-6940,sharee_maile@aol.com,6/18/1984,794-10-9978,6/18/2005,7174,3922,786,Hailey,Song,8/23/1995,866-12-6940,W W John Holden Inc,6,10410.67,5/6/2020,Refinance,430440,43044,258264,N,689.46,651.64,678,Email/Fax,Rejected,Sidney Higa,Linda DeFilippo,Howard Hanna Rand Realty,New York,NY,EF111
Catalina,Tillotson,Female,Married,Latino,Icn Pharmaceuticals Inc,3338 A Lockport Pl #6,Margate City,NY,8402,New York,New York,609-373-3332,609-826-4990,catalina@hotmail.com,4/12/1984,683-35-3332,4/12/2005,7263,5753,624,Avery,Grant,3/5/1993,384-78-4990,Jacobs & Gerber Inc,9,7398.08,12/20/2019,Refinance,435780,43578,261468,N,698.01,659.72,734,Email/Fax,Approved,Sidney Higa,Andrea Brown,Howard Hanna Real S. Tier,New York,NY,EF112
Daniela,Comnick,Female,Married,Asian,Water & Sewer Department,7 Flowers Rd #403,Trenton,NY,8611,New York,New York,609-200-8577,609-398-2805,dcomnick@cox.net,7/9/1981,726-15-8577,7/9/2002,7684,2218,775,Isabella,Scott,4/26/1995,154-59-2805,Wells  D Fred Esq,7,6003.75,5/7/2022,Refinance,461040,36883,276624,N,738.47,697.96,781,Email/Fax,Pending,Sidney Higa,Larry Theodore,CENTURY 21 American Homes,New York,NY,EF113
Art,Venere,Male,Single,Latino,Chemel  James L Cpa,8 W Cerritos Ave #54,Bridgeport,NY,8014,New York,New York,856-636-8749,856-264-4130,art@venere.org,12/18/1987,142-47-8749,12/18/2008,7729,4765,803,Penelope,Griffin,1/23/2000,345-19-4130,C W D C Metal Fabricators,2,12648.58,10/31/2022,Refinance,463740,37099,278244,N,742.79,702.05,587,Email/Fax,Pending,Sidney Higa,Bridget Elkin,Compass,New York,NY,EF114
Mirta,Mallett,Male,Single,Caucasian,Stephen Kennerly Archts Inc Pc,7 S San Marcos Rd,New York,NY,10004,New York,New York,212-870-1286,212-745-6948,mirta_mallett@gmail.com,12/10/1989,633-97-1286,12/10/2010,8151,4510,721,Madison,Her,6/22/1975,931-48-6948,Rodriguez  J Christopher Esq,26,6900.5,7/26/2020,Refinance,489060,39125,293436,N,783.35,740.38,794,Email/Fax,Approved,Sidney Higa,Roadman Etienne,Berkshire Hathaway HomeServices Hudson Valley Properties,New York,NY,EF115
Salome,Lacovara,Female,Married,Caucasian,Mitsumi Electronics Corp,9677 Commerce Dr,Richmond,NY,23219,New York,New York,804-550-5097,804-858-1011,slacovara@gmail.com,4/7/1962,891-39-5097,4/7/2016,5665,6129,700,Riley,Rojas,1/21/2000,244-12-1011,Eldridge  Kristin K Esq,2,7527.75,6/6/2022,Refinance,339900,47586,203940,Y,544.43,514.57,741,Email/Fax,Pending,Sidney Higa,Dylan Wise,Howard Hanna Real Syracuse,New York,NY,EF106
Sam,Deleo,Male,Divorced,Latino,Redeker  Debbie,1844 Southern Blvd,Little Rock,NY,72202,New York,New York,501-308-1040,501-409-6072,cdeleo@deleo.com,11/16/1952,127-93-1040,11/16/2013,10344,4018,719,Jose,Singh,4/6/1989,443-58-6072,United Van Lines Agent,13,11906.5,10/21/2019,Reverse,620640,37238,372384,N,994.11,939.58,659,Email/Fax,Approved,Kim Abercrombie,Niccole Vaughn,CENTURY 21 Sbarra,New York,NY,EF117
Fausto,Agramonte,Male,Single,Asian,Marriott Hotels Resorts Suites,5 Harrison Rd,New York,NY,10038,New York,New York,212-313-1783,212-778-3063,fausto_agramonte@yahoo.com,12/7/1982,205-30-1783,12/7/2003,10484,2780,602,Addison,Perez,9/25/1999,435-15-3063,Fleetwood Building Block Inc,2,10299,7/13/2020,Refinance,629040,37742,377424,N,1007.56,952.3,667,Email/Fax,Pending,Bruce Mutiso,Timothy Domanski,HUNT Real Estate ERA,New York,NY,EF118
Cyril,Daufeldt,Male,Single,Asian,Galaxy International Inc,3 Lawton St,New York,NY,10013,New York,New York,212-745-8484,212-422-5427,cyril_daufeldt@daufeldt.com,12/12/1985,184-98-8484,12/12/2006,12461,4934,609,Nevaeh,Hsu,4/14/1996,798-17-5427,Water & Sewer Department,6,12913,8/3/2020,Refinance,747660,44860,448596,N,1197.56,1131.87,639,Email/Fax,Pending,Sidney Higa,Angelica R. Cocha,Douglas Elliman,New York,NY,EF119
Lynelle,Auber,Female,Single,Asian,United Cerebral Palsy Of Ne Pa,32820 Corkwood Rd,Newark,NY,7104,New York,New York,973-860-8610,973-605-6492,lynelle_auber@gmail.com,9/7/1986,658-33-8610,9/7/2007,12586,2567,639,Christopher,Butler,10/5/1996,694-91-6492,Carroccio  A Thomas Esq,5,5622.33,8/19/2020,Refinance,755160,45310,453096,N,1209.57,1143.23,712,Email/Fax,Approved,Sidney Higa,Geraldine Brucale,Berkshire Hathaway HomeServices Hudson Valley Properties,New York,NY,EF120
Mario,Centini,Male,Married,Latino,Industrial Paper Shredders Inc,64 5th Ave #1153,Mc Lean,NY,22102,New York,New York,703-235-3937,703-475-7568,lisha@centini.org,5/23/1983,549-79-3937,5/23/2004,12828,2694,632,Vivian,Thao,4/23/1994,176-24-7568,Westbrooks  Nelson E Jr,8,5001.42,12/28/2019,Refinance,769680,46181,461808,N,1232.83,1165.21,723,Email/Fax,Approved,Kim Abercrombie,Sylvia Bauer,Howard Hanna Real Rochester,New York,NY,EF121
James,Rhoden,Male,Married,Latino,Nordic Group Inc,92 Broadway,Astoria,NY,11103,New York,New York,718-228-5894,718-728-5051,jrhoden@yahoo.com,5/24/1981,370-29-5894,5/24/2002,14399,2507,650,Ella,Huang,2/28/1995,312-48-5051,Bresler Eitel Framg Gllry Ltd,7,17636.42,5/22/2017,Refinance,863940,51836,518364,N,1383.81,1307.91,696,Email/Fax,Pending,Sidney Higa,Angela Kessel,Houlihan Lawrence,New York,NY,EF122
Chaya,Malvin,Male,Married,Black,Dunnells & Duvall,560 Civic Center Dr,Stafford,NY,48103,New York,New York,734-928-5182,734-408-8174,chaya@malvin.com,3/4/1981,398-64-5182,3/4/2002,14653,3718,592,Genesis,Hunter,4/22/1978,219-46-8174,Wheaton Plastic Products,24,8570.58,4/28/2017,Refinance,879180,52751,527508,N,1408.22,1330.98,804,Email/Fax,Approved,Sidney Higa,Carla Rosati,RE/MAX Realty Group,New York,NY,EF123
Aja,Gehrett,Male,Single,Caucasian,Stero Company,993 Washington Ave,Nutley,NY,7110,New York,New York,973-544-2677,973-986-4456,aja_gehrett@hotmail.com,1/18/1995,781-93-2677,1/18/2016,15083,3867,724,Levi,Moreno,6/27/1999,518-39-4456,Admiral Party Rentals & Sales,2,3359.67,9/24/2020,Refinance,904980,54299,542988,N,1449.55,1370.04,694,Email/Fax,Pending,Kim Abercrombie,Jeffrey Dolfinger,CENTURY 21 Hudson Valley Realty,New York,NY,EF125
Kirk,Herritt,Male,Single,Asian,Hasting  H Duane Esq,88 15th Ave Ne,Vestal,NY,13850,New York,New York,607-407-3716,607-350-7690,kirk.herritt@aol.com,11/22/1995,130-72-3716,11/22/2016,21104,2217,717,Hannah,Hoang,12/15/2000,375-08-7690,Mid Contntl Rlty & Prop Mgmt,1,9574.42,6/21/2022,Refinance,1266240,189936,759744,N,2028.19,1916.95,777,Email/Fax,Approved,Kim Abercrombie,Kimberly Nemeth,Howard Hanna Real Buffalo,New York,NY,EF131
Truman,Feichtner,Male,Married,Caucasian,Legal Search Inc,539 Coldwater Canyon Ave,Bloomfield,NY,7003,New York,New York,973-852-2736,973-473-5108,tfeichtner@yahoo.com,10/29/1959,778-67-2736,10/29/2014,15785,2762,801,Alice,Lopez,6/27/1988,297-40-5108,Creative Business Systems,13,6908.92,9/9/2022,Reverse,947100,56826,568260,N,1517.01,1433.8,591,Email/Fax,Approved,Bruce Mutiso,Anthony Domathoti,EXIT REALTY PREMIUM,New York,NY,EF126
Beckie,Silvestrini,Female,Married,Asian,A All American Travel Inc,7116 Western Ave,Dearborn,NY,48126,New York,New York,313-533-4884,313-390-7855,beckie.silvestrini@silvestrini.com,12/6/1990,566-72-4884,12/6/2011,18797,4098,636,Athena,Vu,3/6/1986,927-52-7855,Ray  Milbern D,16,16087,7/29/2018,Refinance,1127820,281955,676692,N,1806.48,1707.39,719,Email/Fax,Pending,Sidney Higa,Tom Le,Corcoran,New York,NY,EF127
Jettie,Mconnell,Male,Single,Black,Coldwell Bnkr Wright Real Est,50 E Wacker Dr,Bridgewater,NY,8807,New York,New York,908-802-3564,908-602-5258,jmconnell@hotmail.com,8/7/1992,271-05-3564,8/7/2013,19746,3101,674,Lillian,Romero,12/7/1997,385-85-5258,Campbell  Robert A,4,14180.33,11/4/2017,Refinance,1184760,177714,710856,N,1897.68,1793.6,783,Email/Fax,Pending,Sidney Higa,Patrick Haggerty,CENTURY 21 Leah's Signature,New York,NY,EF128
Karl,Klonowski,Male,Single,Asian,Rossi  Michael M,76 Brooks St #9,Flemington,NY,8822,New York,New York,908-877-6135,908-470-4661,karl_klonowski@yahoo.com,2/28/1988,720-96-6135,2/28/2009,20243,6222,637,Aria,Roberts,8/12/1994,507-92-4661,Buergi & Madden Scale,7,8904.83,12/17/2018,Home Equity,1214580,182187,728748,N,1945.45,1838.74,787,Email/Fax,Rejected,Sidney Higa,Melissa Colletti,Keller Williams Realty,New York,NY,EF129
Vilma,Berlanga,Female,Married,Asian,Wells  D Fred Esq,79 S Howell Ave,Grand Rapids,NY,49546,New York,New York,616-737-3085,616-568-4113,vberlanga@berlanga.com,7/31/1984,585-65-3085,7/31/2005,20807,4829,728,Naomi,Coleman,11/2/1995,437-18-4113,Maccani & Delp,6,10171.17,2/8/2019,Home Equity,1248420,187263,749052,N,1999.65,1889.97,635,Email/Fax,Rejected,Bruce Mutiso,Deirdre Folan,Keller Williams Realty,New York,NY,EF130
Hillary,Skulski,Male,Married,Black,Replica I,9 Wales Rd Ne #914,Homosassa,FL,34448,Tampa,Florida,352-242-2570,352-990-5946,hillary.skulski@aol.com,9/21/1980,669-86-2570,9/21/2016,18435,3177,630,Kinsley,Dixon,5/25/1998,345-01-5946,Olympic Graphic Arts,3,3818.25,5/8/2019,Home Equity,1106100,276525,663660,N,1771.69,1674.51,805,Email/Fax,Pending,Felicien Kabuga,Patrick Brogley,Keller Williams Realty,Tampa,FL,EF164
Quentin,Swayze,Male,Married,Latino,Ulbrich Trucking,278 Bayview Ave,Milan,NY,48160,New York,New York,734-561-6170,734-851-8571,quentin_swayze@yahoo.com,6/26/1975,955-26-6170,6/26/1996,4057,4462,779,Gabriel,Zhou,1/17/2000,906-52-8571,J & F Lumber,2,3487,3/18/2020,Reverse,243420,48684,26776,N,389.9,368.51,751,Email/Fax,Rejected,Sidney Higa,Amy Singer,Houlihan Lawrence,New York,NY,EF132
Taryn,Moyd,Female,Married,Asian,Siskin  Mark J Esq,48 Lenox St,Fairfax,NY,22030,New York,New York,703-322-4041,703-938-7939,taryn.moyd@hotmail.com,8/21/1973,637-70-4041,8/21/1994,7759,4801,651,Maverick,Henry,7/10/1998,642-99-7939,Local Office,3,5759.17,11/27/2018,Reverse,465540,37243,51209,N,745.68,704.78,799,Email/Fax,Rejected,Bruce Mutiso,Keith Arnold,Howard Hanna Real S. Tier,New York,NY,EF133
Allene,Iturbide,Female,Married,Asian,Ledecky  David Esq,1 Central Ave,Stevens Point,NY,54481,New York,New York,715-662-6764,715-530-9863,allene_iturbide@cox.net,8/29/1974,419-25-6764,8/29/1995,13232,2951,690,Aaron,Maldonado,9/17/1987,349-44-9863,Dimmock  Thomas J Esq,14,5238.42,3/8/2022,Reverse,793920,47635,87331,N,1271.66,1201.91,601,Email/Fax,Pending,Kim Abercrombie,Kay Graves,EXIT Realty Homeward Bound,New York,NY,EF134
Rory,Papasergi,Male,Single,Black,Bailey Cntl Co Div Babcock,83 County Road 437 #8581,Clarks Summit,NC,18411,Atlanta,North Carolina,570-867-7489,570-469-8401,rpapasergi@cox.net,1/27/1994,754-10-7489,1/27/2015,5215,5626,788,Ian,Gutierrez,4/9/2000,448-74-8401,Toledo Iv Care,2,5915,4/11/2018,Home Equity,312900,46935,187740,Y,501.19,473.7,585,Email/Fax,Approved,Julia Jones,Todd Luckey,RE/MAX Reinvented,Atlanta,GA,EF9
Skye,Fillingim,Male,Divorced,Asian,Rodeway Inn,25 Minters Chapel Rd #9,Minneapolis,NC,55401,Raleigh,North Carolina,612-508-2655,612-664-6304,skye_fillingim@yahoo.com,9/14/1960,407-69-2655,9/14/2017,6204,3759,708,Leah,Bryant,4/30/1983,260-14-6304,American Council On Sci & Hlth,19,3343.67,4/11/2020,Reverse,372240,52114,111672,Y,596.23,563.53,723,Email/Fax,Pending,Carroll Adam,Scott Morrison,CENTURY 21 Sweyer & Associates,Raleigh,NC,EF136
Annelle,Tagala,Female,Single,Caucasian,Vico Products Mfg Co,5 W 7th St,Fitchburg,MA,21234,Boston,Massachusetts,410-757-1035,410-234-2267,annelle@yahoo.com,2/18/1994,142-14-1035,2/18/2015,16239,6296,689,Nevaeh,James,11/3/1996,694-65-2267,Computer Repair Service,5,5555,12/14/2020,Home Equity,974340,58460,584604,N,1560.64,1475.04,762,Email/Fax,Pending,Jossef Goldberg,Thomas Bretta,Real Living Realty Professionals,Boston,MA,EF40
Mitsue,Scipione,Female,Married,Latino,Students In Free Entrprs Natl,77 222 Dr,Austin,TX,95965,Dallas,Texas,530-986-9272,530-399-3254,mscipione@scipione.com,8/29/1979,950-24-9272,8/29/2015,5707,3456,627,Dylan,Campbell,11/29/1989,231-92-3254,Farrell & Johnson Office Equip,12,12813.92,11/20/2020,Home Equity,342420,47939,205452,Y,548.47,518.39,659,Email/Fax,Rejected,Jose Lugo,Devin Kincaide Cook,Keller Williams Realty,Dallas,TX,EF60
Herminia,Nicolozakes,Female,Married,Asian,Sea Island Div Of Fstr Ind Inc,4 58th St #3519,Scottsdale,NC,85254,Raleigh,North Carolina,602-954-5141,602-304-6433,herminia@nicolozakes.org,8/4/1958,173-33-5141,8/4/2017,15266,4649,605,Emilia,Bailey,8/9/1991,961-40-6433,Mccoy  Joy Reynolds Esq,10,20446.67,12/25/2021,Reverse,915960,54958,274788,N,1467.13,1386.66,591,Email/Fax,Pending,Adan Duale,Ron Lee,RE/MAX Southland Realty II,Raleigh,NC,EF139
Dennis,Rulapaugh,Male,Divorced,Asian,Eder Assocs Consltng Engrs Pc,6980 Dorsett Rd,Abilene,NC,67410,Raleigh,North Carolina,785-463-7829,785-219-7724,kati.rulapaugh@hotmail.com,11/29/1976,267-17-7829,11/29/1997,8331,3005,611,Nova,Hill,3/10/1997,859-53-7724,Radio Communications Co,5,7503.33,2/27/2017,Home Equity,499860,74979,249930,Y,800.65,756.73,584,Email/Fax,Rejected,Carroll Adam,Danny Davis Jr.,Berkshire Hathaway HomeServices All American Homes,Raleigh,NC,EF140
Peggie,Sturiale,Female,Married,Caucasian,Henry County Middle School,9 N 14th St,Dallas,TX,92020,Dallas,Texas,619-608-1763,619-695-8086,peggie@cox.net,6/18/1994,948-36-1763,6/18/2015,17110,3877,748,Dominic,Scott,3/16/1990,313-32-8086,Milford Enterprises Inc,12,6807.25,9/15/2018,Home Equity,1026600,256650,615960,N,1644.35,1554.16,793,Email/Fax,Rejected,Jose Lugo,Ying Xu,RE/MAX Dallas Suburbs,Dallas,TX,EF72
Adell,Lipkin,Female,Married,Latino,Systems Graph Inc Ab Dick Dlr,65 Mountain View Dr,Whippany,NY,7981,New York,New York,973-654-1561,973-662-8988,adell.lipkin@lipkin.com,8/3/1994,346-04-1561,8/3/2015,4350,2168,589,Leo,Herrera,4/22/1977,462-49-8988,Replica I,25,7114.08,8/4/2022,Home Equity,261000,52200,156600,Y,418.06,395.13,644,Email/Fax,Rejected,Sidney Higa,Charlie Pigott,Corcoran,New York,NY,EF101
Musalia ,Mudavadi,Male,Married,Latino,Mid Contntl Rlty & Prop Mgmt,8100 Jacksonville Rd #7,Hays,NC,67601,Raleigh,North Carolina,785-629-8542,785-616-1685,kimberlie_duenas@yahoo.com,5/9/1955,883-95-8542,5/9/2019,10486,5266,749,Aiden,Gonzales,3/28/2000,200-88-1685,Stanley  Richard L Esq,2,15502.75,3/24/2019,Reverse,629160,37750,0,N,1007.75,952.48,774,Email/Fax,Approved,Carroll Adam,Ramilya Siegel,Keller Williams Realty,Raleigh,NC,EF143
Herman,Demesa,Male,Married,Latino,Merlin Electric Co,9 Norristown Rd,Troy,NY,12180,New York,New York,518-497-2940,518-931-7852,hdemesa@cox.net,4/7/1977,716-89-2940,4/7/2015,8308,5935,605,Luke,Vu,6/4/1997,388-64-7852,Thompson Steel Company Inc,4,12907,5/15/2022,Home Equity,498480,74772,299088,N,798.44,754.64,706,Email/Fax,Approved,Kim Abercrombie,Maria Campanelli,Berkshire Hathaway HomeServices River Towns Real Estate,New York,NY,EF116
Anthony,Gillaspie,Male,Single,Asian,Inner Label,67 Rv Cent,Boise,NY,83709,New York,New York,208-709-1235,208-206-9848,bgillaspie@gillaspie.com,9/29/1994,977-23-1235,9/29/2015,14892,5666,722,Naomi,Xi,2/17/1981,933-09-9848,Mcrae  James L,21,14957.83,9/29/2017,Home Equity,893520,53611,536112,N,1431.19,1352.69,763,Email/Fax,Pending,Bruce Mutiso,Edward Meltser,RE/MAX In the City,New York,NY,EF124
Cyndy,Goldammer,Female,Single,Latino,Di Cristina J & Son,170 Wyoming Ave,Burnsville,NC,55337,Raleigh,North Carolina,952-334-9408,952-938-9457,cgoldammer@cox.net,6/27/1980,505-92-9408,6/27/2015,4751,2474,728,Hailey,Dang,9/21/1998,750-39-9457,Rousseaux  Michael Esq,3,9065,1/4/2018,Home Equity,285060,42759,171036,Y,456.59,431.55,648,Email/Fax,Rejected,Carroll Adam,Jose Sanchez,Keller Williams Premier,Raleigh,NC,EF145
Deandrea,Hughey,Female,Single,Asian,Century 21 Krall Real Estate,33 Lewis Rd #46,Burlington,NC,27215,Raleigh,North Carolina,336-822-7652,336-467-3095,deandrea@yahoo.com,7/2/1986,963-44-7652,7/2/2007,7831,4325,656,Mason,Jimenez,8/8/1998,573-57-3095,Floral Expressions,3,10844.42,12/31/2022,Home Equity,469860,37589,281916,N,752.6,711.32,700,Email/Fax,Rejected,Adan Duale,Tony DeLaVega,Coldwell Banker Advantage,Raleigh,NC,EF147
Keneth,Borgman,Male,Married,Asian,Centerline Engineering,86350 Roszel Rd,Charlotte,NC,85012,Raleigh,North Carolina,602-919-4211,602-442-3092,keneth@yahoo.com,7/29/1994,774-85-4211,7/29/2015,8644,5385,805,Hailey,Sanchez,2/5/1993,764-12-3092,Germer And Gertz Llp,9,16953.75,3/5/2021,Home Equity,518640,77796,311184,N,830.73,785.16,665,Email/Fax,Approved,Carroll Adam,Amy Baker,Allen Tate Realtors,Raleigh,NC,EF148
Helene,Rodenberger,Female,Divorced,Latino,Bailey Transportation Prod Inc,347 Chestnut St,Peoria,NC,85381,Raleigh,North Carolina,623-461-8551,623-426-4907,helene@aol.com,4/15/1982,908-01-8551,4/15/2003,12558,5153,684,Aiden,Silva,11/29/1989,681-29-4907,Porto Cayo At Hawks Cay,12,15560.42,1/11/2022,Home Equity,753480,45209,452088,N,1206.88,1140.69,660,Email/Fax,Rejected,Adan Duale,Wallace Peiffer,Coldwell Banker Advantage,Raleigh,NC,EF149
Carlee,Boulter,Female,Single,Caucasian,Tippett  Troy M Ii,8284 Hart St,Abilene,NC,67410,Raleigh,North Carolina,785-347-1805,785-253-7049,carlee.boulter@hotmail.com,10/26/1985,729-30-1805,10/26/2006,13592,4477,662,Peyton,Cruz,5/26/1995,949-37-7049,Bradley Nameplate Corp,6,7594.5,3/3/2022,Home Equity,815520,48931,489312,N,1306.26,1234.61,759,Email/Fax,Rejected,Adan Duale,Chris Tacia,ERA Strother Real Estate,Raleigh,NC,EF150
Glenn,Berray,Female,Married,Asian,Griswold  John E Esq,29 Cherry St #7073,Charlotte,NC,50315,Raleigh,North Carolina,515-370-7348,515-372-1738,gberray@gmail.com,2/28/1982,192-46-7348,2/28/2003,17608,4874,762,Anna,Han,5/8/1982,919-84-1738,John Wagner Associates,20,8045.67,8/26/2018,Home Equity,1056480,264120,633888,N,1692.21,1599.39,640,Email/Fax,Pending,Adan Duale,Brian Lewis,Coldwell Banker Sea Coast Advantage,Raleigh,NC,EF151
Fatima,Saylors,Female,Married,Asian,Stanton  James D Esq,2 Lighthouse Ave,Hopkins,NC,55343,Raleigh,North Carolina,952-768-2416,952-479-2375,fsaylors@saylors.org,10/10/1990,633-81-2416,10/10/2011,20457,5870,708,Camila,Evans,12/20/1971,527-34-2375,Century Communications,30,9495.83,5/20/2019,Home Equity,1227420,184113,736452,N,1966.01,1858.18,709,Email/Fax,Rejected,Carroll Adam,Maureen Vargas-Sullivan 2019 ALC,Keller Williams Realty,Raleigh,NC,EF152
Raymon,Calvaresi,Male,Married,Latino,Seaboard Securities Inc,6538 E Pomona St #60,Indianapolis,MA,46222,Boston,Massachusetts,317-825-4724,317-342-1532,raymon.calvaresi@gmail.com,5/10/1993,944-51-4724,5/10/2014,5421,6014,764,Lucas,Daniels,5/29/1990,826-89-1532,Warner Electric Brk & Cltch Co,11,8536.67,6/21/2019,Home Equity,325260,45536,195156,Y,520.98,492.41,695,Email/Fax,Approved,Jossef Goldberg,Kevin Fruh,Fruh Realty  LLC,Boston,MA,EF31
Arlette,Honeywell,Female,Married,Latino,Smc Inc,11279 Loytan St,Jacksonville,FL,32254,Tampa,Florida,904-775-4480,904-514-9918,ahoneywell@honeywell.com,7/14/1977,419-77-4480,7/14/1998,8258,3017,682,Thomas,Williams,11/21/1994,857-03-9918,Vlahos  John J Esq,7,7274.33,7/8/2019,Home Equity,495480,74322,247740,Y,793.63,750.1,807,Email/Fax,Approved,Felicien Kabuga,Gerald Hayes,RE/MAX Anchor Realty,Tampa,FL,EF154
Roosevelt,Hoffis,Female,Married,Latino,Denbrook  Myron,60 Old Dover Rd,Hialeah,FL,33014,Tampa,Florida,305-622-4739,305-302-1135,roosevelt.hoffis@aol.com,4/2/1977,985-17-4739,4/2/1998,13403,3874,686,Elizabeth,Huang,9/20/1981,290-05-1135,Meca,20,4144.83,4/14/2019,Home Equity,804180,48251,402090,Y,1288.09,1217.44,794,Email/Fax,Rejected,Felicien Kabuga,Gwen Mills-Owen,CENTURY 21 Beggins Enterprises,Tampa,FL,EF155
Nickolas,Juvera,Male,Married,Asian,United Oil Co Inc,177 S Rider Trl #52,Crystal River,FL,34429,Tampa,Florida,352-598-8301,352-947-6152,nickolas_juvera@cox.net,2/19/1959,808-42-8301,2/19/2019,4655,5466,604,Alice,Thompson,4/25/1986,806-28-6152,Rodeway Inn,16,18148.58,7/9/2018,Reverse,279300,41895,0,N,447.37,422.83,670,Email/Fax,Approved,Felicien Kabuga,Mark Lee,Levin Rinke Realty,Tampa,FL,EF156
Cammy,Albares,Female,Married,Latino,Rousseaux  Michael Esq,56 E Morehead St,Laredo,TX,78045,Dallas,Texas,956-537-6195,956-841-7216,calbares@gmail.com,5/14/1978,310-98-6195,5/14/2014,5101,4202,634,Charles,Henderson,2/11/1981,670-29-7216,Post Box Services Plus,21,3590,10/9/2019,Home Equity,306060,45909,183636,Y,490.23,463.34,669,Email/Fax,Approved,James Kramer,Roman Novian,Coldwell Banker Apex  Realtors,Dallas,TX,EF58
Sylvie,Ryser,Female,Single,Latino,Millers Market & Deli,649 Tulane Ave,Tulsa,NC,74105,Raleigh,North Carolina,918-644-9555,918-565-1706,sylvie@aol.com,9/16/1993,482-41-9555,9/16/2014,5798,4764,717,Madison,Hunter,2/5/1991,631-68-1706,Printing Dimensions,11,5126.92,5/28/2022,Home Equity,347880,48703,208728,Y,557.22,526.65,784,Email/Fax,Pending,Carroll Adam,Cathy Larose,Coldwell Banker Advantage,Raleigh,NC,EF146
Hoa,Sarao,Male,Married,Asian,Kaplan  Joel S Esq,27846 Lafayette Ave,Oak Hill,FL,32759,Tampa,Florida,386-526-7800,386-599-7296,hoa@sarao.org,12/2/1986,711-20-7800,12/2/2007,5375,4888,616,Gianna,Ha,2/8/1984,151-29-7296,Southern Steel Shelving Co,18,9595.42,9/28/2020,Home Equity,322500,45150,193500,Y,516.56,488.23,633,Email/Fax,Rejected,Felicien Kabuga,Ryan Adams,Adams  Cameron & Co.,Tampa,FL,EF159
Alesia,Hixenbaugh,Female,Married,Asian,Kwikprint,9 Front St,Tampa,FL,20001,Tampa,Florida,202-646-7516,202-276-6826,alesia_hixenbaugh@hixenbaugh.org,2/10/1983,853-74-7516,2/10/2004,7522,2934,597,Maria,Sun,12/19/2000,135-96-6826,Publishers Group West,1,12555.5,7/7/2022,Home Equity,451320,45132,270792,N,722.9,683.25,789,Email/Fax,Approved,Felicien Kabuga,Ryan Chiodo,Engel & Völkers Olde Naples,Tampa,FL,EF160
Marge,Limmel,Female,Married,Caucasian,Bjork  Robert D Jr,189 Village Park Rd,Crestview,FL,32536,Tampa,Florida,850-430-1663,850-330-8079,marge@gmail.com,9/7/1990,805-66-1663,9/7/2011,8742,4196,761,Charlotte,Vo,1/10/1993,867-22-8079,Twiggs Abrams Blanchard,9,6237.83,7/5/2018,Home Equity,524520,78678,314712,N,840.15,794.07,688,Email/Fax,Rejected,Felicien Kabuga,Moira Feely Rekus,Keller Williams Realty,Tampa,FL,EF161
Hugo,Yori,Male,Married,Latino,Fiorucci Foods Usa Inc,50126 N Plankinton Ave,Longwood,FL,32750,Tampa,Florida,407-538-5106,407-564-8113,shawnda.yori@yahoo.com,2/24/1992,143-14-5106,2/24/2013,13123,4253,730,Samantha,Chavez,1/9/1996,215-05-8113,Capitol Reporters,6,6314.08,11/10/2019,Home Equity,787380,47243,472428,N,1261.18,1192.01,734,Email/Fax,Approved,Felicien Kabuga,Michael Williams,RE/MAX Associates  Inc,Tampa,FL,EF162
Lucina,Lary,Female,Married,Asian,Matricciani  Albert J Jr,8597 W National Ave,Cocoa,FL,32922,Tampa,Florida,321-749-4981,321-632-4668,lucina_lary@cox.net,1/15/1982,401-78-4981,1/15/2003,13883,5933,726,Joshua,Cortez,8/11/1986,941-09-4668,Abc Enterprises Inc,15,10523.08,5/9/2018,Home Equity,832980,49979,499788,N,1334.22,1261.04,618,Email/Fax,Approved,Felicien Kabuga,Kelly Fischer,ONE Sotheby's International Realty,Tampa,FL,EF163
Theodora,Restrepo,Male,Married,Caucasian,Kleri  Patricia S Esq,42744 Hamann Industrial Pky #82,Miami,FL,33136,Tampa,Florida,305-936-8226,305-573-1085,theodora.restrepo@restrepo.com,10/27/1974,143-09-8226,10/27/1995,5849,2177,751,Hazel,Griffin,11/9/1994,425-58-1085,Carol  Drake Sparks Esq,7,5437.25,2/23/2020,Reverse,350940,49132,38603,N,562.12,531.28,608,Email/Fax,Approved,Felicien Kabuga,Nicole Bouchard,Keller Williams Realty,Tampa,FL,EF165
Cordelia,Storment,Female,Married,Black,Burrows  Jon H Esq,393 Hammond Dr,Miami,FL,70506,Tampa,Florida,337-566-6001,337-255-3427,cordelia_storment@aol.com,2/16/1974,474-28-6001,2/16/1995,10448,3951,741,Abigail,Vang,9/9/1995,503-58-3427,Professionals Unlimited,6,9140,9/22/2019,Reverse,626880,37613,68957,N,1004.1,949.03,667,Email/Fax,Approved,Felicien Kabuga,William Miller,Coldwell Banker Premier Properties,Tampa,FL,EF166
